{
  "__version__": "1.0.0",
  "current-scene": "36a48dc0-bb92-4eee-983a-472f5836f235",
  "gizmos-infos": {
    "gridColor": [
      150,
      150,
      150,
      255
    ],
    "gridVisible": true,
    "iconGizmoSize": 2,
    "iconSize": 2,
    "is2D": false,
    "is3DIcon": false,
    "isGridVisible": true,
    "isIconGizmo3D": false
  },
  "float-window": {
    "position": {
      "cc": {
        "Camera": {
          "bottom": 10,
          "dock": false,
          "left": null,
          "right": 10,
          "top": null
        }
      }
    }
  },
  "camera-infos": {
    "36a48dc0-bb92-4eee-983a-472f5836f235": {
      "position": {
        "x": 327.24172266498334,
        "y": 639.1442441427045,
        "z": 566.1054342772709
      },
      "rotation": {
        "w": 0.9999800159385275,
        "x": 0.006157544658357661,
        "y": -0.001432529828250812,
        "z": 0.000008820750961343213
      },
      "viewCenter": {
        "x": 328.8869004042684,
        "y": 646.2161110594724,
        "z": -8.103022412418682
      }
    },
    "f46876e4-e81b-4931-b493-6d367be385e7": {
      "position": {
        "x": 50,
        "y": 50,
        "z": 50
      },
      "rotation": {
        "w": 0.8804762392171493,
        "x": -0.27984814233312133,
        "y": 0.3647051996310009,
        "z": 0.11591689595929514
      },
      "viewCenter": {
        "x": 0,
        "y": 0,
        "z": 0
      }
    }
  },
  "camera-uuids": [
    "36a48dc0-bb92-4eee-983a-472f5836f235"
  ]
}
